2020-01-15 18:32:47,b'@BLRAirport how do I get wheelchair assistance ?',virtualkarma,[],199
2020-01-15 18:00:04,b'.@BLRAirport is set to acquire Disabled Aircraft Recovery Equipment that will help to reduce the impact of disabled #aircraft and work to reduce #flight delays https://t.co/ZI5t7h5lDM https://t.co/R75tiQRI72',IntAirport,"['aircraft', 'flight']",9929
2020-01-15 17:57:15,b'Wow this is pretty cool. But will @swiggy_in really have the order ready by the time I get out of the @BLRAirport ?  Check this out @peakbengaluru https://t.co/VgPB6wAZg1',pooja_bandu,[],134
2020-01-15 17:30:13,b'.@BLRAirport is set to acquire Disabled Aircraft Recovery Equipment that will help to reduce the impact of disabled #aircraft and work to reduce #flight delays https://t.co/ZI5t7h5lDM https://t.co/odD7dt8qC2',IntAirport,"['aircraft', 'flight']",9929
2020-01-15 17:30:13,b'@Lolita_TNIE @dgca @Voblr @IndiGo6E @NewIndianXpress @XpressBengaluru @MoCA_GoI @BLRAirport @Mohan_Rngnathan @HardeepSPuri It is a real problem for Sr citizens',scooban,[],38
2020-01-15 17:17:51,b'@BLRAirport  amazing lounge with great food. All the staff is really committed to their work and are really https://t.co/c3WNASA2pZ.Krishna was helpful in providing us with the details and really kind to assist with all the personalised services.Good job Krishna and team.Cheers!',mudassarkelkar,[],22
2020-01-15 16:46:56,b'@BLRAirport Thanks for help. Cam you please confirm the status of G8-504 as well? The GoAir customer service is down and they are not responding through any means.',Aman9B,[],52
2020-01-15 16:41:13,"b'@BLRAirport lounge With Krishna,sriya sahuuu and udith , was a great experience to be with a personal like him  Great food and seats https://t.co/yRRZl9wsZa'",KondkarAmin,[],11
2020-01-15 16:05:42,"b""Dear @PaytmBank @BLRAirport has stopped using paytm debit cards for lounge access..  That's unfortunate..   why when it was being in used earlier for lounge access they stopped it now.. https://t.co/g8elTPkG2e""",aashish_mish,[],21
2020-01-15 15:07:30,b'@BLRAirport Can you please confirm if Flight G8-374 is cancelled or not? Airlines not responding',Aman9B,[],52
2020-01-15 14:19:47,b'@BLRAirport  domestic lounge I had awesome service from Mr Krishna.. thank you n keep up the good work.. https://t.co/hsjG9vYI8K',rc8267,[],12
2020-01-15 14:13:06,"b'@IndiGo6E @BLRAirport Hi corp, I have an upcoming flight on Jan 18. Just wanted to know if it is fine to carry a photo frame 32*24inch (no glass material) in checking luggage. Expecting reply at 9916144470.'",beingdabangg18,[],16
2020-01-15 13:17:57,b'Does flight in our country @DGCAIndia not come on time ? This ad by netflix really tease indian aviation @BLRAirport . Boeing calls @DGCAIndia fool and now this @netflix ad. Please @DGCAIndia have look into this https://t.co/95meBYmBqh',hellohr1,[],0
2020-01-15 12:13:07,b'@JohriSheel @BLRAirport True \xf0\x9f\x98\x87\xf0\x9f\x98\x85\xf0\x9f\x98\x85',sibin2012,[],2
2020-01-15 12:03:44,"b'#Bangalore doesn\xe2\x80\x99t need more startups, it needs an airport that\xe2\x80\x99s not 1000 light years away.  #BangaloreAirport'",deepayandey,"['Bangalore', 'BangaloreAirport']",107
2020-01-15 10:46:10,b'@BLRAirport here is a not so tasty fact https://t.co/7BDrIJWDKu',tinkupa1991,[],192
2020-01-15 09:27:02,b'@Lolita_TNIE @Voblr @MoCA_GoI @BLRAirport @EoIMaldives @XpressBengaluru @NewIndianXpress Wonder why Tanzania embassy has not been contacted to help its citizens return back to their country?',NammaBengaluroo,[],2551
2020-01-15 08:43:23,b'@airindiain @HardeepSPuri @BLRAirport Hi. I have still not received any email from the Blr team of AI. Plz send this urgently.',88Kunals,[],5
2020-01-15 08:25:56,b'Take flight just like a kite!! May you harvest the happiness &amp; the warmth that you wish for! #HappyMakarSankranti How are you celebrating Sankranti in 2020?  #MyBLR #BLRAirport #Festival #IndianFestival #Celebration #India #BengaluruAirport #Sankranti #Festive #NammaBengaluru https://t.co/y9BdmRl2om',BLRAirport,"['HappyMakarSankranti', 'MyBLR', 'BLRAirport', 'Festival', 'IndianFestival', 'Celebration', 'India', 'BengaluruAirport', 'Sankranti', 'Festive', 'NammaBengaluru']",43726
2020-01-15 07:53:29,b'@BLRAirport can we have updates from you at least??',kehke_lenge,[],223
2020-01-15 07:25:18,b'@UberINSupport Car that scammed me at @kempintairprtps #bangaloreairport #uberscam #uber #fraud https://t.co/oUPhpDZxxZ',tenzinch,"['bangaloreairport', 'uberscam', 'uber', 'fraud']",200
2020-01-15 07:23:35,"b'@UberINSupport then I told him that the ride has not started. He said I will get details at the end. When I reached mundestination, he asked for Rs.2500 instead of Rs.749 as shown previously in the app. This seems like an ongoing #scam at #uber #bangaloreairport'",tenzinch,"['scam', 'uber', 'bangaloreairport']",200
2020-01-15 07:13:54,"b""@airindiain @HardeepSPuri @BLRAirport Can you tell me from which email ID? Can't seem to find any email.""",88Kunals,[],5
2020-01-15 07:02:13,b'@88Kunals @HardeepSPuri @BLRAirport A reply has been sent to you on your email id by our Bangalore baggage team. Pl check and revert on the same for further updates.',airindiain,[],186328
2020-01-15 07:00:09,"b""@airindiain @HardeepSPuri @BLRAirport Hi. My issues remains unresolved and the concerned baggage team has still not resolved my query, reverted to my email or taken my calls. I can't stress this enough. I need the baggage to be delivered to me today. What is to be done?""",88Kunals,[],5
2020-01-15 06:53:03,b'#BengaluruAirport becomes first in the country to own #aircraft recovery kit  @BLRAirport #aviation #AvGeek  https://t.co/7xfuF9weQ7',AcaaiNews,"['BengaluruAirport', 'aircraft', 'aviation', 'AvGeek']",137
2020-01-15 06:12:51,"b'@airindiain @HardeepSPuri @BLRAirport @BLRAirport - can someone plz revert to my email. It is critical I have this baggage delivered today. This is harrowing. I have tried calling again, no one picked up and my email hasnt been replied to either. What is to be done?'",88Kunals,[],5
2020-01-15 05:50:28,b'#BengaluruAirport becomes first in the country to own #aircraft recovery kit  @BLRAirport #BangaloreInternationalAirportLimited #Bengaluru #Transportation #aviation #avgeek $ITLN https://t.co/fXyxlDSXhu',ITLNLive,"['BengaluruAirport', 'aircraft', 'BangaloreInternationalAirportLimited', 'Bengaluru', 'Transportation', 'aviation', 'avgeek']",961
2020-01-15 05:18:10,"b""@airindiain @HardeepSPuri @BLRAirport Hi.I have called the nos provided in DM to no avail.I have emailed at Id's provided but no reply.i am not being told on what are the docs require for the past 3 days since this issue has come to light. Btw i have reverted to your DM msg as well. No revert to that either!""",88Kunals,[],5
2020-01-15 05:06:42,b'@88Kunals @HardeepSPuri Dear Mr Kunal we have advised you via DM that your Baggage is held by @BLRAirport due to security reasons and not by Air India. We have also advised you to send requisite documents. We are once again advising the concerned baggage team to address the issue immediately.',airindiain,[],186328
2020-01-15 04:44:20,"b'Between Trichy &amp; Bengaluru, \xf0\x9f\x93\x8cNo O&amp;D Traffic, \xf0\x9f\x93\x8cNo O&amp;D train, \xf0\x9f\x93\x8cTraffic belongs to Hosur, \xf0\x9f\x93\x8cHard &amp; Costly to reach Bangalore city, \xf0\x9f\x93\x8cEasy buses. How many perceptions?  Thanks, Indigo broke all.  Now, @IndiGo6E is successfully flying 2/day between @aaiTRZairport &amp; @BLRAirport. https://t.co/AyQRb6W7UV'",Ubai_h,[],269
2020-01-15 02:53:37,"b'#Bengaluru A Tanzania woman and her 2 young children, including an infant, who are deportees from Male, have been living in the lounge of @BLRAirport for the last 5 days, reports @Lolita_TNIE . Find out why.  @santwana99 https://t.co/ilR5EDBGxy'",XpressBengaluru,['Bengaluru'],3363
2020-01-15 01:42:39,b'@Lolita_TNIE @dgca @Voblr @IndiGo6E @NewIndianXpress @XpressBengaluru @MoCA_GoI @BLRAirport @Mohan_Rngnathan @HardeepSPuri Now pilots are maning the check-in counter \xf0\x9f\x98\x82....?',snobfielder,[],128
2020-01-15 01:27:26,"b""For last 5 days, a Tanzanian woman with kids, incl an infant, are at B'lore airport lounge after Male aprt deported them to India. Immigration officials don't allow fam 2 go out. https://t.co/a35vdeuXEJ @voblr @MoCA_GoI @BLRAirport @EoIMaldives @XpressBengaluru @NewIndianXpress""",Lolita_TNIE,[],815
2020-01-15 00:51:49,"b'Indigo pilot on Chennai-Bangalore flgt threatens jail 4 senior citizen &amp; daughter, ex-journo, when they ask for wheelchair booked with tkt @ KIA. https://t.co/ZE7tQH7953 @DGCA @voblr @IndiGo6E @@NewIndianXpress @XpressBengaluru @MoCA_GoI @BLRAirport @Mohan_Rngnathan @HardeepSPuri'",Lolita_TNIE,[],815
2020-01-14 21:29:44,b'@BLRAirport excellent service at international bar lounge. Service personnel are very courteous. Special mention to Afnan. Cheers.',somusathish,[],214
2020-01-14 19:43:36,b'@BLRAirport Sure',rajatmelavr,[],3
2020-01-14 19:39:28,"b""@BLRAirport Thx for quick response, however would like to follow up and want to know what's your solution, currently I have posted from #bangaloreAirport""",rajatmelavr,['bangaloreAirport'],3
2020-01-14 19:34:10,b'@BLRAirport its f9 for security reasons but walking bare foot on floor where everyone is walking with shoes is little uncomfortable.. just check if anything from your side you can do without compromising security... May be by providing sleepers of ur own or something else (2/2)',rajatmelavr,[],3
2020-01-14 19:31:27,"b'@BLRAirport I was asked to take out my boot/shoes by cisf for security reasons, I took them out , no issues, however was not comfortable to walk on cold floor bare foot, request you to kindly provide sleepers or something from your side... (1/2)'",rajatmelavr,[],3
2020-01-14 15:59:47,"b'@BLRAirport The way this caption is yelling at me, makes me anxious. Ugh.'",booksn_blankets,[],138
2020-01-14 15:36:45,"b'@BLRAirport please have some breath taking Indian stuff like this in Namma Bengaluru Airport :) foreign travelers will get a good feel stepping into India, and it will kindle their curiosity and give them a nice experience! https://t.co/hSRaEKonnN'",anand_uppili,[],381
2020-01-14 14:06:57,b'@HardeepSPuri @IndiGo6E @SupriyaUnniNair @MoCA_GoI @BLRAirport My mother has had amazing experience traveling international carriers who offer excellent disabled friendly seats n behaviour  @British_Airways @emirates ... Maybe in Indian carriers could learn some .. also airports abroad do hav convenient #disabledParking',shri_nids,['disabledParking'],35
2020-01-14 14:05:54,b'Watch the @GAirportD interview with @SatyakiRaghuna1 Chief Strategy &amp; Development Officer @BLRAirport: https://t.co/rWcUTegOkk',InformaConnect,[],1694
2020-01-14 13:50:52,"b'@HardeepSPuri @IndiGo6E @SupriyaUnniNair @MoCA_GoI @BLRAirport There is absolutely no concept of #DisabledParking slots or disabled drop off points where the vehicle actually goes n parks n disabled person can disembark ,   @Uber is so so good..They have special area marked for wheelchair n support vehicles at arrivals area'",shri_nids,['DisabledParking'],35
2020-01-14 13:47:46,b'@HardeepSPuri @IndiGo6E @SupriyaUnniNair @MoCA_GoI Wow..Very gud..I also had experience of traveling with my mother who uses wheelchair due to spinal injury ..wheelchair was not available at cab drop off point at departure of @BLRAirport .. one has to walk across 2 roads to departure entrance to get access to wheelchair',shri_nids,[],35
2020-01-14 12:27:36,b'@BLRAirport can we have Access to make online payment or debit / credit card payment of customs duty at SBI counter. Last time on my return from US tour I was told only cash accepted towards customs duty.',Surendr34146563,[],0
2020-01-14 09:24:12,b'#India\xe2\x80\x99s @bengaluruairprt (@BLRAirport) in pact with #KUNZ_GmbH for disabled #aircraft recovery #equipment  #BangaloreInternationalAirportLimited #KempegowdaInternationalAirport #Bengaluru #ThomasHoff #Andersson #BIAL #Aviation #travel #STATTradeTimes https://t.co/JyDj7lm8Kc',StatMediaNews,"['India', 'KUNZ_GmbH', 'aircraft', 'equipment', 'BangaloreInternationalAirportLimited', 'KempegowdaInternationalAirport', 'Bengaluru', 'ThomasHoff', 'Andersson', 'BIAL', 'Aviation', 'travel', 'STATTradeTimes']",3091
2020-01-14 08:27:12,"b'@BLRAirport Sweet reception and good service.. Newly opened BLR Lounge by  tfs after shutdown of Plaza Premium.Definitely upgraded and well maintained. Courtesy of staffs were too good especially Sarath, Josmi lead by Mohd. Azar.'",jithin2361,[],42
2020-01-14 08:16:40,b'@sandeepbandi10 @BLRAirport Beautiful',rammohanpsumeru,[],4
2020-01-14 07:40:12,b'Want to know when did they changed Kempegowda international airport to Kepagowda @facebook @NewsFirstKan @NEWS9TWEETS @tv9kannada @BLRAirport https://t.co/kcmqyRY9zg',SureshYadva,[],2
2020-01-14 06:44:16,b'@BLRAirport U guys bluffing! I won a Fossil via SPIN BUT NOBADY CONTACTED YET',TheerthuPawar,[],9
2020-01-14 06:12:24,b'Can you trace this baggage? @IndiGo6E Because your ground staff at the bangalore airport are pathetic at handling customer queries.  Been more than 24 hrs haven\xe2\x80\x99t received my baggage and my house key and office key is in the bag. @DGCAIndia @BLRAirport @airsewa_MoCA https://t.co/SiELkKuv7f',mnzodiac747,[],203
2020-01-14 05:34:57,"b'One of the leaders who defined word leader, this monring a indigo flight senior passanger had a emergency. @kharge sir choose to give way to patient from electric car he was seated and opted this mode \xf0\x9f\x99\x8f. #respect @BLRAirport @tv9kannada @republic https://t.co/Wb54x4oY3X'",praveennaidu08,['respect'],86
2020-01-14 05:28:07,b'@BLRAirport partners with KUNZ GmbH to acquire disabled aircraft recovery equipment  https://t.co/b2mUihHzSA https://t.co/0y1FLTo47z',cruisingheights,[],2498
2020-01-14 05:17:16,"b'The Bangalore International Airport Limited (BIAL) @BLRAirport is going to acquire disabled aircraft recovery equipment to enhance operational capabilities and reduce downtime during runway emergencies, reports @DarshanDevaiahB | @IndianExpress https://t.co/nPEd9gIFDt'",IEBengaluru,[],1256
2020-01-14 05:14:31,"b""@BLRAirport Aah.. that's great.. but I had connecting flights.. so didn't find that. Anyways thank you for the subway update.. so Bangalore airport is back to being the best airport for me\xf0\x9f\x98\x8b!""",sidheswarcasm,[],149
2020-01-14 05:08:33,"b""@BLRAirport Just as I finish my typing, I learn there's no @SUBWAY here! Ok. So clearly not the best anymore\xe2\x98\xb9\xef\xb8\x8f\xe2\x98\xb9\xef\xb8\x8f!""",sidheswarcasm,[],149
2020-01-14 05:06:56,b'Bangalore airport @BLRAirport has to be the best airport in India!',sidheswarcasm,[],149
2020-01-14 04:03:29,"b'#Bengaluru BIAL @BLRAirport entered into an agreement with KUNZ GmbH, a German company that supplied aircraft recovery equipment, to jointly establish a centre for disabled aircraft recovery training and manufacture the equipment necessary @santwana99 https://t.co/RndGAXtVS0'",XpressBengaluru,['Bengaluru'],3363
2020-01-14 03:41:26,b'@BLRAirport excellent service Thanks',Saubhik_2010,[],67
2020-01-14 02:53:53,"b'Indeed. That\xe2\x80\x99s a good idea. Until the other kiosks offer the same service, say through a @BLRAirport Rewards app, like the @HeathrowAirport has. https://t.co/y5ckKuBRQB'",NakulShenoy,[],9400
2020-01-14 00:15:17,"b""I'm very impressed to see the speed of @reliancejio inside @BLRAirport . Hope to experience the same speed in whole Bangalore city https://t.co/NP5A9zBKrY""",soumikee,[],22
2020-01-13 16:45:07,"b'@BLRAirport  Donestic lounge, met representative Krishna, excellent service. Highly recommended.... https://t.co/2qFWkT5vOu'",DhandeoKumar,[],16
2020-01-13 16:35:40,"b'@BLRAirport  Donestic lounge, met representative Krishna, excellent service. Highly recommended.... https://t.co/YJ71Vf9hDZ'",DhandeoKumar,[],16
2020-01-13 15:20:25,b'@BLRAirport   Gr8 Hospitality. Thanks a lot Udith.  \xf0\x9f\x91\x8d\xf0\x9f\x91\x8d\xf0\x9f\x91\x8d https://t.co/qVOpCvYwt8',Devenits2,[],16
2020-01-13 15:05:14,b'Bengaluru airport @BLRAirport to acquire disabled aircraft recovery kit; to help in recovery after accidents @IndianExpress  Read: https://t.co/cWBwrsX3bE https://t.co/DlrEXsXHeR',DarshanDevaiahB,[],1453
2020-01-13 15:01:04,b'@BLRAirport domestic lounge So wonderful experience and customer service.helpful Nd kind staffs specially Mr.krishna and Hanna Mariya   Great lounge service https://t.co/dOHuAoalE2',RajivGo58331273,[],0
2020-01-13 14:56:12,b'#BLRAirport  Thanks Udith for gr8 Hospitality.. https://t.co/L8t7Pt3yPj',Devenits2,['BLRAirport'],16
2020-01-13 14:54:28,b'#BLRAirport  Gr8 hospitality at BLR lounge.   Thanks you Judith.',Devenits2,['BLRAirport'],16
2020-01-13 14:48:33,b'Always a pleasure to be back at @BLRAirport Lounge - one of the best \xf0\x9f\x92\xaf https://t.co/rZpnlyEO2g',iAshishPrasad,[],31239
2020-01-13 14:24:53,b'@satya_majhi @sandeepbandi10 @BLRAirport yes! View from @TajBangalore',sandeeprrao1991,[],2596
2020-01-13 13:20:20,b'@BangaloreMirror @BLRAirport @airindiain  has a kit in Mumbai I had read... they had used it to recover Spicejet aircraft last year',enidhi,[],4537
2020-01-13 13:15:43,b'KIA to become the first airport in India to get Disabled Aircraft Recovery Equipment.  @BLRAirport  https://t.co/js1CSUMgwZ',BangaloreMirror,[],84654
2020-01-13 13:07:24,b'@BLRAirport Just admiring beauty of the terminal. https://t.co/NB4toSjxBE',sandeepbandi10,[],111
2020-01-13 13:01:40,b'@BLRAirport Feeling proud as a #Bengalurian',ravivkr4,['Bengalurian'],13
2020-01-13 12:52:25,b'@BLRAirport thank you veer Sharwin and team you guys where amazing quick and amazing hospitality we would love to see veer and Sharwin once again we come to the lounge thank you guys great place to relax https://t.co/tHotOf5b3q',KSadanandaHegd1,[],2
2020-01-13 11:04:40,b'Karnataka Govt eyes #political supremacy in #Vokkaliga districts around #Bengaluru with tour plan by linking #Kempegowda era #monuments. https://t.co/Ev36C5YPp4 #Tourism #Travel #Heritage #Culture @DeccanHerald @CMofKarnataka',nkaggere,"['political', 'Vokkaliga', 'Bengaluru', 'Kempegowda', 'monuments', 'Tourism', 'Travel', 'Heritage', 'Culture']",2602
2020-01-13 10:19:23,b'#bangaloreAirport have ultimate speed for internet. They call us before 2 hrs and provide only 45mnts of internet with this much high speed. Shame on Airport management. https://t.co/MJuRTgO8VY',PSaraik,['bangaloreAirport'],81
2020-01-13 09:59:41,"b'With an aim to enhance operational capabilities &amp; reduce downtime during runway emergencies, @BLRAirport has inked a pact with KUNZ GmbH to manufacture, supply, commission and maintain specialised Disabled Aircraft Recovery Equipment (DARE) for #KIA. https://t.co/LiiPKdDPql'",ChethanKumarTOI,['KIA'],1399
2020-01-13 08:44:06,"b'Oh. So, our @BLRAirport is NOT carbon-neutral. https://t.co/NvNfamXLFk'",write2kill,[],2798
2020-01-13 07:17:25,"b'@ranjana_nag @amruthaputhra @BLRAirport Today it is a part of the religious celebration of the birth of Christ nevertheless. Hence, it very much symbolises Christianity.'",JasmaDixit,[],22
2020-01-13 07:10:33,b'@BLRAirport Why follow u should follow first then u will be get followed by others',AnkitKu21972034,[],1
2020-01-13 05:50:40,"b'@JasmaDixit @amruthaputhra @BLRAirport Exactly, it is a symbol of celebration of Christ but neither the tree nor Santa Claus was present when Jesus was born. The tree is part of celebration and not a part of history.'",ranjana_nag,[],199
2020-01-13 05:44:30,b'Hy @airindiain I tweeted u 3 days ago about the asking my cancellation of ticket due to many personal reasons but u did not reply me. Reply me asp my flight is on 29jan from @BLRAirport to @DelhiAirport So please provide me solution @AirIndia_assist',NishuLohiya06,[],407
2020-01-13 05:35:42,b'True.. In fact I was even not aware about it. But now I got the complete video. Expecting @BLRAirport also to do something to promote our tradition and culture.. https://t.co/5815JltuR1',unix4u,[],151
2020-01-13 05:01:52,b'@ranjana_nag @amruthaputhra @BLRAirport The Christmas tree is an integral part of the celebration of the birth of Christ. Which is why it is called a \xe2\x80\x98 Christmas \xe2\x80\x98 tree. It is a part of a religious celebration. And it is very welcome at our airports. Just like the Shankh.',JasmaDixit,[],22
2020-01-13 04:58:39,"b""but they will pending the 3 to 4 months bills I am attaching my  vehicle on October month but still I didn't get one bill also  what kind of management running hear I can't understand how can we well maintain vehicle 3 to 4 months plz solve this problem @BLRAirport @HariMarar""",Sudharshanarady,[],4
2020-01-13 04:54:02,b'This is beautiful! Thanks for displaying this @BLRAirport  You made my day! https://t.co/2pIhFJ2ImC',aashishiyer,[],447
2020-01-13 04:52:21,b'@BLRAirport amazing guest services by Priyanka at the Blr lounge. Needed a quick help with urgent printouts and she made sure I had it! With a smile! Thank you for surpassing beyond expectations!',MantriRaunak,[],330
2020-01-13 04:48:01,b'@Karmika_Sahaya @mani1972ias @vijaybangalore @BLRAirport Thanks for your response sir.',naveenspatil,[],1348
2020-01-13 04:12:43,"b'@adarshhgd @TIinExile Excellent!! Thanks @BLRAirport for displaying Indian Culture, Traditions through such paintings!!  Keep the good work going!! \xf0\x9f\x92\x90\xf0\x9f\x99\x8f'",KaveriThiyagara,[],607
2020-01-13 03:53:17,"b'@mani1972ias @vijaybangalore @naveenspatil @BLRAirport Update,  In continuation of TW0206, we have received report from labour inspector Pradeep sir, below is the attachment.  Regards Karmika sahaya Prem michael Whatsapp:9333333684 Tollfree:155214 https://t.co/EsUXq0nbWi'",Karmika_Sahaya,[],828
2020-01-13 03:50:18,b'@amruthaputhra @BLRAirport Comparing these 2 is incorrect. Christmas tree is not a symbol of Christianity. Both Santa Claus and Christmas tree are only marketing gimmick.',ranjana_nag,[],199
2020-01-13 03:02:37,b'a rotating shankha @ #DelhiAirport is communal  &amp; christmas celebration @BLRAirport is noncommunal for our so cald seculars... https://t.co/J4Rl5JkqmT',amruthaputhra,['DelhiAirport'],27
2020-01-13 02:55:00,"b""@JusticeLeagueI2 @amruthaputhra @BLRAirport Same with you. Your mum could've been done better""",IndianGorment,[],35
2020-01-13 02:42:12,"b'@BLRAirport  Great service, good food and fantastic ambience. Especially Sachin was friendly and took good care of us. Thanks guys. Cheers.'",bhanuprasadrva,[],14
2020-01-13 02:33:48,b'@amruthaputhra @BLRAirport How is it communal?',AyushSi62087092,[],18
2020-01-13 02:33:12,b'@amruthaputhra @BLRAirport Debate is that it\xe2\x80\x99s an ugly replica. Could\xe2\x80\x99ve been done better',JusticeLeagueI2,[],4
2020-01-13 00:53:07,b'@BLRAirport Thank you !! \xf0\x9f\x99\x8f\xf0\x9f\x99\x8f',CitizensForDem1,[],0
2020-01-12 22:18:51,b'Mumbai calling \xf0\x9f\x98\x8d @BLRAirport   #alhamdulilah #allsmiles #mcafshansyed #afshansyed #makingeventsmemorable #voiceofmeetingsandevents',EmceeAfshan,"['alhamdulilah', 'allsmiles', 'mcafshansyed', 'afshansyed', 'makingeventsmemorable', 'voiceofmeetingsandevents']",278
2020-01-12 21:09:09,b'#Airbus A320 VT-INX rotating out of #Bangalore https://t.co/x2um4YdobY @IndiGo6E @Airbus @BLRAirport @AvPhotoIn #avgeek #aviation #planespotting',Nitin_TriStar,"['Airbus', 'Bangalore', 'avgeek', 'aviation', 'planespotting']",158
2020-01-12 20:26:39,b'There should be strict instructions to your cab vendors and their drivers to ONLY take toll route to and from @BLRAirport . Any violation must be dealt with by penalties and de-registering the culprits. Please ensure our safety before your profits @makemytrip @deepkalra',Chandreshdelhi,[],154
2020-01-12 19:14:15,"b""maa'm what about this , in @BLRAirport https://t.co/e4SXiprqyy https://t.co/OG93NilJnX""",mvijayshankar,[],72
2020-01-12 17:53:13,b'@jaggi_sg @BLRAirport It made my travel an exciting experience \xf0\x9f\xa4\x90',suni619,[],175
2020-01-12 16:54:05,b'@bangalore @deepolice12 @BlrCityPolice @MoCA_GoI @AAI_Official @BelagaviAirport @davidbodapati @SuratAirportSTV @dr_asr Repeating these tags: @sandeeprrao1991 @BLRAirport',Lolita_TNIE,[],815
2020-01-12 16:31:01,b'@BLRAirport domestic lounge Krishna..thanks for the hospitality \xf0\x9f\x98\x8a',Amitk_0404,[],17
2020-01-12 15:29:11,b'@BLRAirport when will we have Express Check-In facilities in BLR just like @RGIAHyd',WhyShaq,[],803
2020-01-12 15:00:06,"b""@MoCA_GoI @HardeepSPuri @BLRAirport @1 Carelessness and unprofessional-ism at it's peak @airindiain @staralliance .  @BLRAirport promised me to respond back in stipulated time but no ans till no bcz of their laid-back attitude. I think it is one of the reason of AirIndia downfall. You lost one customer today for sure.""",ApratimDGem,[],17
2020-01-12 14:30:40,"b'@xsunilmanix @BLRAirport Hello, maps for Android are provided directly by Google, so the runway will be visible as soon as they update their maps. Thanks!'",flightradar24,[],561542
2020-01-12 14:10:01,"b'@BLRAirport The airport is far away.  No proper safe transport from city to airport.  Very fraudulently planned airport. It is not safe to travel in the airport road after 9pm in taxis. When we arrive later than this we wait for 6am next morning at airport, This all boils down to corruption'",Krishna59503528,[],2
2020-01-12 13:47:17,"b'@MoCA_GoI I have to join office tomrw &amp;  all my stuffs are there in that luggage . Plz @HardeepSPuri can you look into this issue.  Since 11AMI been tryg  @BLRAirport  for info, got it @1:16PM that my luggage has been left Mum airport . Since then I am struggling to get my luggage back.'",ApratimDGem,[],17
2020-01-12 12:17:20,b'@BLRAirport Better luck next time\xf0\x9f\x98\x86',VishalS46732472,[],1
2020-01-12 09:54:11,"b""@BLRAirport Hi I'm producing music album for that I need 3 lakh rupees..if anyone wants to fund what's app me 8806748893""",pradeenarji,[],64
2020-01-12 09:40:07,"b""Extremely sad see a housekeeping staff sleeping on the floor in the women's washroom at Bangalore Airport. It will be inhumane if  @BLRAirport can't provide at least an additional room or sleeping couch for them to take rest!!  #Bangalore #Airport #BengaluruAirport""",Nidhiya_V_Raj,"['Bangalore', 'Airport', 'BengaluruAirport']",678
2020-01-12 09:02:39,b'@bhogleharsha @Uber_India @Uber_Support Same at @BLRAirport... https://t.co/iVgJttXnFf',AjaykumarMR5,[],20
2020-01-12 08:38:13,b'Great food and ambiance at @BLRAirport ! Arun and Greita was very helpful and kind at the lounge! \xf0\x9f\x91\x8d',zekiistak,[],5
2020-01-12 07:10:02,b'@BLRAirport Hi had spin and got skagen even I sent email to kempegowdaairport.social@gmail.com but no response from anyone from BLRAirport.',SangameshSh,[],52
2020-01-12 06:30:14,"b'@flightradar24  BLR airport recently inaugurated the second runway . @BLRAirport , when will it be updated in @flightradar24 ??'",xsunilmanix,[],17
2020-01-12 05:51:40,"b""@BLRAirport @rajinitp What about yesterday's result, no one from your team has contacted me yet !!!!!""",swain_umakanta,[],3
2020-01-12 05:35:29,b'Safe &amp; affordable #AirportTransfer for 50+ airports in #India. Book #chauffeur driven #cab &amp; never miss your flight. \xf0\x9f\x9b\xab\xf0\x9f\x9a\x96 Easy transfers from airport to hotel/home starting at INR 950/- Visit- https://t.co/OMo3B6Y3ah #igi #bom #BLRAirport #ccu #bestdeal #airporttaxi #Travelodesk https://t.co/vf3is0AGEE',TravelODesk,"['AirportTransfer', 'India', 'chauffeur', 'cab', 'igi', 'bom', 'BLRAirport', 'ccu', 'bestdeal', 'airporttaxi', 'Travelodesk']",165
2020-01-12 05:01:45,b'@BHAVESHGOLECHA @BLRAirport Same here',Nationfirst_V,[],5
2020-01-12 04:55:13,b'@BLRAirport hi I won this. Please tell me what to do next https://t.co/e8cUF60SIm',sajjadalam4639,[],19
2020-01-12 03:39:09,"b'@BLRAirport , Aah!! Had an extremely pleasant visit to the lounge with some scrumptious food\xf0\x9f\x98\x8b had to run though for the flight or else I need to sit down in the lounge for the whole day'",mohnish34,[],52
2020-01-12 03:04:38,b'@BLRAirport hlo i hv won the skagen bt till now i hv not got any reply from ur team @BLRAirport even i hv dm to an email @kempegowdaairport.social@gmail.com',ismail_thameem,[],2
2020-01-12 02:39:01,"b'.@AirAsiaSupport There\'ll be less hassle at the Self-Checkin Baggage areas in @BLRAirport, if you improve the UI/UX of the machines and teach some bloody sensitisation or manners to your so called ""Supervisors"".'",The_Ajan,[],1023
2020-01-11 23:35:55,"b'Terrible service at the @BLRAirport Lounge.. as usual, nothing has changed inspite of several complaints.  @BLRAirport I have again sent you a DM..'",javapsyche,[],353
2020-01-11 22:25:20,b'That\xe2\x80\x99s the queue for emigration at Blr airport! #Bangalore #BangaloreAirport #Bengaluru https://t.co/fjkJdtuDhM',thekhan_farhan,"['Bangalore', 'BangaloreAirport', 'Bengaluru']",406
2020-01-11 22:15:48,b'@BLRAirport amazing lounge with great food and services. All the staff is really committed to their work and are really helpful. Mr. Azhar was also helpful in providing us with the details on how the lounge works and was really kind to assist with all the services.',ANILARO74586222,[],4
2020-01-11 21:36:21,"b'@BLRAirport International departure terminal, I don\xe2\x80\x99t find anything South Indian in the menu for dinner. Dosa is served only for breakfast.  All I see is North Indian at 7 tawas and noodle bar and Mediterranean cafe.'",CitizensForDem1,[],0
2020-01-11 18:31:05,b'@BLRAirport please work with @NHAISocialmedia to do something about the toll booth! Many folks miss their flights just waiting there!!',Sumanthmadhav,[],158
2020-01-11 18:08:52,b'@airvistara A320 neo taxing @BLRAirport  #spotvistara https://t.co/rOccgIxkFE',Jagadeesh_A,['spotvistara'],61
2020-01-11 17:55:34,b'@BLRAirport Thank you. Appreciate your prompt consideration',mprafulprabhu,[],28
2020-01-11 17:45:47,b'@BLRAirport This is a seating lounge in the international departure after passing immigration. I moved that chair for now. But a conjested seating arrangement near an emergency exit is not a good idea in my opinion.',mprafulprabhu,[],28
2020-01-11 17:19:17,b'@flyingamit @goairlinesindia @BLRAirport @aneeshp Why is the runway centreline not a part of the lighting system requirement for approach .. it\xe2\x80\x99s always approach lightinn system never runway centreline or edge lighting system',desigladiator,[],29
2020-01-11 16:45:49,b'@BLRAirport Won Fossil. Nobody has contacted yet!',TheerthuPawar,[],9
2020-01-11 16:22:50,b'@dyamannavar @HariMarar @BLRAirport @drmsbc @GMSWR @Tejasvi_Surya @PCMohanMP @DVSadanandGowda Build a road from Halt Station to Cargo junction on Airport internal road.',bcsagar1,[],96
2020-01-11 16:11:43,"b'@dyamannavar @HariMarar @BLRAirport @drmsbc @GMSWR @Tejasvi_Surya @PCMohanMP @DVSadanandGowda @narendramodi @PCMohanMP @Tejasvi_Surya @PiyushGoyal @SureshAngadi_ @drashwathcn @drmsbc Pls add WFD stop for 12295/6, 12607/8 &amp; 12577/8 &amp; avoid traffic (saves 2 hrs) due to metro work on Mahdevpura Road @srdcmsbc @BlrSuburbanRail @RailMinIndia @BSYBJP @GMSWR @SWRRLY @dyamannavar'",Nagaraj__BV,[],3
2020-01-11 16:08:55,b'@dyamannavar @HariMarar @BLRAirport @drmsbc @GMSWR @Tejasvi_Surya @PCMohanMP @DVSadanandGowda Excellent News. Thanks to all those included in this tweet.',Nagaraj__BV,[],3
2020-01-11 16:05:38,b'@BLRAirport  thanks Krishna for a good service and cordial conversation.. https://t.co/HobriqEAHi',kidsatya,[],22
2020-01-11 15:32:01,b'Commute to Kempegowda International Airport \xe2\x80\x93 Trains that Take You to the Airport https://t.co/jvBzSx6W5v @BLRAirport',karnatakacom,[],24682
2020-01-11 15:00:35,"b'Thanks to @HariMarar @BLRAirport for building Halt station   with support of @drmsbc @GMSWR  this will give big relief to Airport workers &amp; Passengers, request to add few more services Morning &amp; evening from Kengeri, Whitefield, Cant @Tejasvi_Surya @PCMohanMP @DVSadanandGowda https://t.co/X0s5aVxRWj'",dyamannavar,[],407
2020-01-11 13:19:28,"b'@BLRAirport I like the ambiance of the lounge, quite chilling cum waiting place, Staffs gesture specially @sriya\xe2\x80\x99s was quite good.'",himansh35785606,[],11
2020-01-11 13:06:25,b'Thanks @BLRAirport for your lounge services and customer experience while all flights to DXB delayed. https://t.co/U4isJf8Lb4',IamFreakie,[],103
2020-01-11 11:02:10,"b'Just saw a few foreigners get up from their seats faster than an Indian, as the plane landed. The crew was quick to ask them to sit down until the seat belt sign was switched off \xf0\x9f\x98\x82\xf0\x9f\x98\x82  Am I in a parallel world?  #BangaloreAirport'",ManasBansal,['BangaloreAirport'],74
2020-01-11 09:32:29,b'@BLRAirport Security check times can be optimized. Passengers leaving behind empty trays holding up security scans. Put up more instruction hoardings and advice staff to clear trays during hold ups',SreejaSachin,[],6
2020-01-11 09:27:46,"b'@indigo Long Lines for baggage drop at @BLRAirport. You monopolise the skies, pl do treat your customers &amp; employees right.'",SreejaSachin,[],6
2020-01-11 09:14:45,b'@MoCA_GoI #AirAsia blocks customer who claims compensation of bag damaged and rendered unusable.  What a cheat! I was promised compensation and asked for purchase proof which was submitted. Now they blocked me after raising complaint on Twitter. @BLRAirport  0 trust again.',sush2090,['AirAsia'],7
2020-01-11 08:15:55,b'@BLRAirport pls intervene in toll management leading to airport. With fasttag also waiting time at toll is very high',rchhams,[],1
2020-01-11 07:28:03,b'@Olacabs it\xe2\x80\x99s high time for making it mandatory to have #Fastag in every car. Drivers waste at least 15mts getting in/out @BLRAirport',GirishDtweets,['Fastag'],475
2020-01-11 06:13:07,b'VT-TTH @airvistara @Airbus A320-232(WL) #flickr https://t.co/ubs6fo1AX2 @AmitAgarwal22 @MrrMukherjee @AvPhotoIn @BLRAirport #vistara #aviation #photography #planespotting #bangalore #airport #BLRairport',Sri_AT72,"['flickr', 'vistara', 'aviation', 'photography', 'planespotting', 'bangalore', 'airport', 'BLRairport']",2122
2020-01-11 05:37:47,"b'@BLRAirport @GVKjunior @DGCAIndia @MoCA_GoI @HardeepSPuri - Sirs. Many airlines in #BangaloreAirport r not using aerobridges and put passengers in packed, overloaded buses. Sends a wrong image to tourists and inconveniences all passengers. Why can\xe2\x80\x99t this change? #IncredibleIndia https://t.co/ugPtMerip0'",TigerRamesh,"['BangaloreAirport', 'IncredibleIndia']",399
2020-01-11 05:01:37,"b""It's good to opt cab facility by @goibibo for the @BLRAirport. The driver was good in behavior and the driving too. Hope to have good facility like this in near future too.""",KCJ179,[],6
2020-01-11 04:58:05,"b'Except some issue in operations &amp; delay in flight departure from @BLRAirport to #jdh_airport due to server issue, it was great to travel with @IndiGo6E. Just improve inforn. system better to understand delay reason effectively by passengers. Hope to have great service in future.'",KCJ179,['jdh_airport'],6
2020-01-11 03:51:00,b'@BLRAirport #fastagdevanahalli  Please have clear &amp; large signs to cash and fastag lanes. Fastag lane at devanahalli toll plaza are not working smoothly (not sure if it is readers or cash drivers in those lanes)',BhambriChetan,['fastagdevanahalli'],34
2020-01-11 03:26:34,b'Hy @airindiain I have booking on 29 Jan from @BLRAirport to @DelhiAirport but due to my college classes I want to cancel it out. #airindia is my favourite nd I always fly with u so I hope u will help me and cancel it out without cutting fee as I m student and request u 15days bfu',NishuLohiya06,['airindia'],407
2020-01-11 03:15:18,"b'@BMTC_BENGALURU @BLRAirport Happy to see that bmtc bus coordinator is encouraging people to take next KIAS Route#8 bus, and not go standing! Stop ""Adjust Madi"" attitude!!'",SPrashant29,[],7
2020-01-10 23:08:23,"b'Guess where the darshini culture has gotten replicated in our airport? In the lounge!  Crowded; people eating with plates in their hand, live counter doling out dosas - just like walking into a darshini.  Feels at home. But the crowd needs to be managed better. @BLRAirport'",hpnadig,[],2914
2020-01-10 22:00:34,"b'#ICYMI: From a garden terminal at @BLRAirport and a cutting-edge workplace in #Milan, to mixed-income housing in #SanFrancisco &amp; much more in between, check out our projects to watch in 2020. https://t.co/jGl4sezYAn'",SOM_Design,"['ICYMI', 'Milan', 'SanFrancisco']",12175
2020-01-10 20:39:06,b'India Home Show - India Property &amp; Real Estate Expo In Santa Clara (Cali) https://t.co/JLUL27yoxl #sustainableLiving Reach out to us for a prelaunch @BLRAirport @AltosBuilders \xf0\x9f\x87\xae\xf0\x9f\x87\xb3 \xf0\x9f\x87\xba\xf0\x9f\x87\xb8 #LEEDS',AltosBuilders,"['sustainableLiving', 'LEEDS']",150
2020-01-10 18:25:32,b'@BLRAirport I had won something Till not getting any call and msg from this.',dhriti53674007,[],1
2020-01-10 18:03:46,b'@BLRAirport Okay thank you so much',suhas_chitra,[],14
2020-01-10 17:54:15,b'@BLRAirport Any other Lufthansa landing Tomorrow?',suhas_chitra,[],14
2020-01-10 17:43:48,b'@BLRAirport the porter services for international arrivals need to be monitored. The billing lady charged us double and showed no remorse when I caught her red handed. I shudder to think about what they do to foreign nationals &amp; the wrong image of india they give to visitors.',vinitagsingh,[],916
2020-01-10 17:40:47,b'@BLRAirport Any Lufthansa flight landing Tomorrow morning by 6am?',suhas_chitra,[],14
2020-01-10 16:00:26,b'@BLRAirport one of the very best airport lounges that i have come across.  The hospitality and food is just amazing.  Thanks a lot to Ms. Renushree for making my stay comfortable the entire time.',cz_ghost,[],9
2020-01-10 15:47:20,b'@BLRAirport the Service staff in the business class lounge are top notch! \xf0\x9f\x92\xaf',ashwin_sm,[],351
2020-01-10 15:42:06,b'@BLRAirport  the expirience at Blr was too good  special mention of Renu shree . Who has doe very nice service. Also zarin who was very kind and extended and demonstrated a nice hospitality . # thanks',DorlikarManoj,[],4
2020-01-10 15:12:19,"b'@BLRAirport Dude, First get this airport in Bengaluru! \xf0\x9f\x98\x82\xf0\x9f\x98\x82\xf0\x9f\x98\x82'",wubbalubbakbkb,[],193
2020-01-10 13:44:24,b'@BLRAirport Thank you Renushree for an amazing time and good service at the Lounge. :)',eataholic_babe,[],86
2020-01-10 13:06:50,b'@flying_str @blrcitytraffic @BLRAirport @hebbaltrafficps @HebbalTr @republic @ndtv @TimesNow Has the expressway opened ?',dashashok,[],112
2020-01-10 12:50:46,b'@BLRAirport #blrairportlounge thank you Sherwin for making our day and going the extra mile beyond call of duty. Significantly exceeds expectations. #kundu_sucharita',bpchak,"['blrairportlounge', 'kundu_sucharita']",21
2020-01-10 12:45:07,b'@BLRAirport @blrairportlounge#lounge Sharwin made our day with his exemplary customer service-significantly exceeds expectations https://t.co/ebzBMRacFH',kundu_sucharita,[],11
2020-01-10 12:39:45,b'@BLRAirport in spite of rush the host Mr. Sharwin gave us good service and hospitality thank you blr lounge',HarpalJadeja17,[],0
2020-01-10 12:15:15,"b""@BLRAirport That's super quick... Thank you so much \xe2\x9d\xa4\xef\xb8\x8f""",suhas_chitra,[],14
2020-01-10 11:57:34,"b'We hope, 2020 also the year of domestic service like 2019 for @aaiTRZairport by @IndiGo6E.  Existing 5/day with @aaichnairport &amp; 2/day with @BLRAirport is doing well.  Daily @RGIAHyd is overwhelming.  Expecting, @CSMIA_Official soon. @DelhiAirport too &amp; @KochiAirport restoration. https://t.co/1aoXNMcFio'",Ubai_h,[],269
2020-01-10 11:56:46,b'@BLRAirport Felt refreshed at Domestic Lounge during flights. Big thanks to Ms. Renushree and her colleagues.',IamRajatM,[],3
2020-01-10 11:40:28,"b""@BLRAirport Thanks for the quick response. I forgot to take the flight number. Any flight which will be landing from either London or Paris tomorrow? If yes, please update me. It's a humble request. Seeing him after 2 long years""",suhas_chitra,[],14
2020-01-10 11:35:48,b'@blrcitytraffic @BLRAirport @hebbaltrafficps @HebbalTr @republic @ndtv @TimesNow  This is the plight of common man in Bangalore. Entire airport expressway blocked by traffic police.',flying_str,[],155
2020-01-10 11:33:28,"b'Yo, anywhere close to a runway is not the place to put a tall statue. \xf0\x9f\x98\x91#Kempegowda  #BJP https://t.co/ehYLmm6q4p'",guruguha,"['Kempegowda', 'BJP']",178
2020-01-10 11:29:24,"b'@blrcitytraffic @BLRAirport @hebbaltrafficps @HebbalTr Why was it halted in the first place ? Is it some vvip movement ?   30 minutes wasted while coming back from airport due to this. While going to airport, 30 minutes wasted due to fastag scam.'",flying_str,[],155
2020-01-10 11:27:17,b'@flying_str @BLRAirport @hebbaltrafficps @HebbalTr @hebbaltrafficps  Area traffic staff has been informed to clear the traffic.',blrcitytraffic,[],596803
2020-01-10 11:27:10,"b'#Blrairport one of the best airports ... The lounges, the service area, or anywhere.. it always SERVICE WITH A SMILE.'",AnilPMonteiro,['Blrairport'],44
2020-01-10 11:24:42,b'@blrcitytraffic why is the airport road flyover near sahakar nagar closed from airport side. Traffic piled up below now.  @BLRAirport @hebbaltrafficps @HebbalTr',flying_str,[],155
2020-01-10 11:21:55,"b""@BLRAirport my brother is coming from Chicago Tomorrow. Please can I know at what time is the flight landing? I couldn't get the flight number. Please could you tell me the flights which will be landing in Bengaluru tomorrow?""",suhas_chitra,[],14
2020-01-10 10:51:46,b'@BLRAirport Scrumptious food and good hospitality. Need to improve in terms of space.',NiranjanaSuma,[],8
2020-01-10 08:22:17,"b'@BLRAirport see the crowd at staff entry gate @HardeepSPuri .it is a regular issue, shortage of infrastructure /mismanaged ?@shukla_tarun https://t.co/6rlE0qNsMg'",GautamXP,[],3
2020-01-10 07:17:25,"b'Check out our latest #newsletter of how #Kempegowda Airport (#BLR) @BLRAirport upcycles plastic waste to build roads through their #PlasticBeku \xf0\x9f\x8c\x8finitiative, and our advisory for #airports to prevent risks associated with #pneumonia outbreaks in #Wuhan: https://t.co/cy5ofPJM8W https://t.co/9Q4YdF1nEf'",ACIAPAC,"['newsletter', 'Kempegowda', 'BLR', 'PlasticBeku', 'airports', 'pneumonia', 'Wuhan']",433
2020-01-10 07:14:09,b'@BLRAirport Had an amazing time at the lounge!! Impeccable hospitality by the staff especially by Mr Sachin Vijaykumar who not only looked after us scrupulously but also had a very pleasing demeanour!!!',bharat715,[],17
2020-01-10 06:46:03,"b'#RelayAuthorSigning by #SudhaMurty for her book "" The Gopi Diaries "" conducted successfully at Relay India - Travel Retail Services Pvt Ltd. @BLRAirport  . Grab your copy now. Thanks @HarperCollinsIN https://t.co/deeUUlZ7VG'",RelayIndia,"['RelayAuthorSigning', 'SudhaMurty']",640
2020-01-10 06:31:35,b'@IndiGo6E @IndiGo6E @IATA @BLRAirport When your few hours will complete. https://t.co/Ee1asutNPk',SuperbSushant,[],44
2020-01-10 06:30:15,"b'@BLRAirport awesome food,  lounge and great service. Please keep up the good work'",i_saurabhskt,[],8
2020-01-10 06:21:39,"b""British Airways' 1st Airbus signals Bengaluru's growth  @BLRAirport @drashwathcn  #Bengaluru  #Karnataka #aviation  https://t.co/94bOEg6bXq""",MRKounte,"['Bengaluru', 'Karnataka', 'aviation']",102
2020-01-10 04:37:17,"b""Oh! Seems like @BLRAirport is planning something big for #DigitalMarketing.  Good way to collect data from people! \xf0\x9f\x98\x9c 'Better luck next time' https://t.co/ADGn4SXvn1""",kulpersonality,['DigitalMarketing'],1246
2020-01-10 04:19:24,b'@jboyejacob @goairlinesindia @BLRAirport @aneeshp They seem to write that the inten is to impart corrective training but end up in the good old wrap on the knuckles forgetting the need to training part. https://t.co/VaueYHRAav',flyingamit,[],1318
2020-01-10 03:54:04,b'Enjoyed the #CoffeeTasting at @StarbucksIndia @BLRAirport  Check out the vlog - Traveling from Mysore @KSRTC_Journeys #Flybus  https://t.co/7F4yBpt08F https://t.co/Nl9WmG4JTW',kishorevlogs,"['CoffeeTasting', 'Flybus']",118
2020-01-10 03:37:08,b'@BLRAirport We will definitely take part in this \xf0\x9f\x92\xaa https://t.co/8ozlO4N3vO',Vagulabharanan1,[],38
2020-01-10 03:32:48,"b'@BLRAirport Having seen airports around the world, I would rank Bengaluru airport among the cleanest and best.'",suneelsubra,[],135
2020-01-10 02:23:06,"b'#SupremeGodKabir Kabir God is the ultimate peace seeker - Yajurveda Chapter 5 Mantra 32  For more information, Read ""Gyan Ganga"" @PMOIndia  @BLRAirport  @pm  @JaiRich https://t.co/MbBmKQjizP'",hemrajpathania7,['SupremeGodKabir'],1552
2020-01-10 02:04:02,b'@flyingamit @goairlinesindia @BLRAirport @aneeshp Pilots suspended. Case closed. I see no recommendation for centre lights to be installed by Dgca @ bangalore',jboyejacob,[],870
2020-01-10 01:59:52,b'@BLRAirport please do something about the announcement speakers airside. Nothing is legible due to the echo and deep bass type setting.',ashwinsid,[],1844
2020-01-09 22:13:26,"b'@BLRAirport has pink cabs with lady chauffeurs, How convenient ! A single female passenger will feel very safe travelling with her in the midnight just like me\xe2\x9d\xa4 Thankyou @BLRAirport #GoPinkCabs'",actressharshika,['GoPinkCabs'],125300
2020-01-09 21:45:30,b'@suni619 @BLRAirport Lol.. Blast into the fast\xf0\x9f\xa4\xa6\xf0\x9f\x8f\xbb\xe2\x80\x8d\xe2\x99\x82\xef\xb8\x8f\xf0\x9f\x98\x9b',jaggi_sg,[],296
2020-01-09 21:29:42,b'@BLRAirport @jaggi_sg Was here waiting for 45 minutes with no one around \xf0\x9f\xa4\xb7\xe2\x80\x8d\xe2\x99\x82\xef\xb8\x8f Thanks for the walk.. https://t.co/TDLERUA5KO',suni619,[],175
2020-01-09 20:18:55,b'@BLRAirport congrats...\xf0\x9f\x8e\x89\xf0\x9f\x8e\x89 new a350...  Thank you @British_Airways  https://t.co/uyyintAp8y',govindYJ,[],7
2020-01-09 17:38:52,"b""#Sv\xc4\x81gataHushliner @British_Airways brings its latest @Airbus A350 on @HeathrowAirport - @BLRAirport route BLR is BA's 4th destination globally &amp; 1st in India/APAC for 350 BA's A350s new biz class Club Suite has direct-aisle access, door for privacy, flat-bed seats in 1-2-1 config https://t.co/hjqOlkp2o6""",27saurabhsinha,['SvƒÅgataHushliner'],1495
2020-01-09 17:16:55,b'@flyingamit @goairlinesindia @BLRAirport @aneeshp Well done Sir!',s18thomas,[],12
2020-01-09 17:06:59,b'@BLRAirport Got Fossils https://t.co/TjVAyg28YY',ErAmirKhurshid,[],1620
2020-01-09 17:00:00,"b'80 feet Kempegowda statue, a 23-acre theme park  ReadMore&gt;&gt;&gt;  https://t.co/TW7nPHHi5F #kempegowda #karnatakastate #VijayanagaraEmpire #bengaluru https://t.co/ajixBXIZWY'",tupakinews_,"['kempegowda', 'karnatakastate', 'VijayanagaraEmpire', 'bengaluru']",932
2020-01-09 13:56:23,b'@BLRAirport Not got any call',Ragroopa123,[],61
2020-01-09 12:50:28,"b""@BLRAirport going to miss my flight if this toll queu doesn't start moving asap. Stuck for 30min! #bangaloreairport""",cmaBhandari,['bangaloreairport'],118
2020-01-09 12:49:06,"b'Meet and greet @SudhirSitapati, author of CEO Factory, which is a sharp, insightful, entertaining and an MBA course in a single book. Get yourself a signed copy at @RelayIndia, #BLRairport. https://t.co/1Q87U1GaiL'",BLRAirport,['BLRairport'],43726
2020-01-09 12:49:04,b'Stuck in the toll queue for 30min now! super frustrated #bangaloreairport',cmaBhandari,['bangaloreairport'],118
2020-01-09 12:24:52,b'@BLRAirport food at BLR airport lounge is very tasty ...specially the Chicken Tikka Masala....and the hospitality of the staff is super.',Giriraj761108,[],6
2020-01-09 12:02:53,"b'@BLRAirport lounge.... having amazing experience here. Met Sharvin, he is an amazing host.'",surbhitlihala,[],41
2020-01-09 11:28:59,b'@BLRAirport The food in domestic lounge is very tasty and has got a lot of varieties. Miss RenuSri has taken a good care of me and every working staff in the lounge are welcoming.',harigitam196,[],10
2020-01-09 11:10:02,b'@desigladiator @goairlinesindia @BLRAirport @aneeshp @DGCAIndia @icao @EASA @DGCAIndia cannot use an example in @icao doc as a standard. #Annex14 requires 400m so does  #aerodrome CAR issued by #DGCA. #AIP issued by @AAI_Official clearly states whats given in the #ICAO Annex. 400m if no CL and runway intended to be used for #LVTO. https://t.co/4jvAmAeBjI https://t.co/C3nLgTlUsg',flyingamit,"['Annex14', 'aerodrome', 'DGCA', 'AIP', 'ICAO', 'LVTO']",1318
2020-01-09 11:00:01,b'@flyingamit @goairlinesindia @BLRAirport @aneeshp @DGCAIndia @icao @EASA It is 400m for lvto with RL OR RCLM and with RL &amp; RCLM it says it is 300m',desigladiator,[],29
2020-01-09 10:50:51,b'@desigladiator @goairlinesindia @BLRAirport @aneeshp BTW the LVTO minima should have been 400m. @DGCAIndia has used an example given in the @icao doc as a standard. Even @EASA LVTO is 400m if no CL lights.',flyingamit,[],1318
2020-01-09 10:41:45,b'@flyingamit @goairlinesindia @BLRAirport @aneeshp Yea they woke up to it .. after a decade',desigladiator,[],29
2020-01-09 10:41:08,"b""@BLRAirport @BLRAviation @sandeeprrao1991 @aaiauairport  @IndiGo6E  Indigo's BLR-IXU-BLR new flight is available for booking. https://t.co/9wjxfKcXmq""",fly_high_IXU,[],532
2020-01-09 10:39:48,b'@desigladiator @goairlinesindia @BLRAirport @aneeshp The new runway has it though.',flyingamit,[],1318
2020-01-09 10:37:34,b'@flyingamit @goairlinesindia @BLRAirport @aneeshp How cool is for an airport like Blr not to have rcll',desigladiator,[],29
2020-01-09 10:26:50,b'My deduction of the possible cause of @goairlinesindia #excursionrunway @BLRAirport on 11.11.2019 seems to have been quite accurate. Human factor &amp; visual illusion issue. @aneeshp  https://t.co/pRWt3ckSOB https://t.co/qxgBhIHFbg',flyingamit,['excursionrunway'],1318
2020-01-09 10:08:44,"b'Happy 5th Anniversary!!!! @airvistara Whenever I see a vistara bird, it makes my heart happy \xe2\x9d\xa4\xef\xb8\x8f Keep flying high!!   #Vistara #SpotVistara #Sensational5 #NotJustAnotherNeo #Airbus #AirbusA320 @Airbus @BLRAirport @CSMIA_Official @DelhiAirport @ChangiAirport @RGIAHyd https://t.co/4QV3tqLwF6'",Harsh_tekriwal3,"['Vistara', 'SpotVistara', 'Sensational5', 'NotJustAnotherNeo', 'Airbus', 'AirbusA320']",12
2020-01-09 09:46:56,"b'Dr @Swamy39                     Karnataka govt   plans   80-ft   statue,    23-acre theme   park   at   airport   to  honour #Kempegowda |   Cities   News,  The Indian Express https://t.co/jdOZfu25oP'",ArtiSharma001,['Kempegowda'],1829
2020-01-09 09:11:17,b'Waiting since a looong time\xf0\x9f\x90\xa2 \xe2\x81\xa6@BLRAirport\xe2\x81\xa9 \xe2\x81\xa6@BangaloreMirror\xe2\x81\xa9 \xe2\x81\xa6@Vijaykarnataka\xe2\x81\xa9 https://t.co/EvMSJzZgnJ',katranjeet,[],1551
2020-01-09 07:12:10,b'Friend : Bengaluru airport k pass koi ghumne ki jagah h kya Me : Yes Friend : Tell me Me : Hyderabad #Bengaluru #BLRAirport @BLR_Airport   Friend : https://t.co/0Nnk0rRdTx',MrSpartacuss,"['Bengaluru', 'BLRAirport']",8
2020-01-09 06:58:31,b'#Bengaluru airport @BLRAirport has good signage &amp; dedicated @Uber_India pick-up/drop-off zone. Makes getting in &amp; out a breeze. More airports across the world should be doing this. https://t.co/OCe2hkfz4c',Rohit_FP,['Bengaluru'],615
2020-01-09 06:24:44,"b'@BLRAirport Hi team,  Got selected under Fossil.  Hope to win \xf0\x9f\x92\xa5  #BLRairport #SeasonOfSmiles @BLRAirport https://t.co/cmBcrIEKt5'",rahulshah997,"['BLRairport', 'SeasonOfSmiles']",87
2020-01-09 06:22:50,"b""@SauravS61756219 @BLRAirport It is a lucky draw. You'll get a call only if you are one of the 1000+ whose names gets selected under fossil. However question @BLRAirport how do we get to know who wins or if anyone even wins?""",rahulshah997,[],87
2020-01-09 05:32:03,b'Kempegowda\xe2\x80\x99s 80-foot statue to be installed in @BLRAirport  https://t.co/PThFxGtXYS',udayavani_web,[],49609
2020-01-09 05:30:29,"b""@BLRAirport Hey @BLRAirport thank you very much for your quick response regarding my issue. I'm loving your hospitality ..\xf0\x9f\xa4\xa9""",thenolanbatman,[],15
2020-01-09 05:02:21,b'@AayushMax123 @BLRAirport @Vinamralongani @BLRAviation Shows up as a charter flight https://t.co/Y2aOk0oFaK',BLR_Avgeek,[],1533
2020-01-09 04:37:46,b'@BLRAirport @BLRAirport thank you for quick response. My number is 7093808678. A small bandage is fine.',thenolanbatman,[],15
2020-01-09 04:13:09,"b'@IndiGo6E @BLRAirport no first aid kit any where after security checkup? I hit a small iron rod after security checkup and had a cut on my foot. Asked so many for bandage, but the answer is ""No pharmacy after security"". \xf0\x9f\x99\x86\xe2\x80\x8d\xe2\x99\x82\xef\xb8\x8f\xf0\x9f\x99\x86\xe2\x80\x8d\xe2\x99\x82\xef\xb8\x8f'",thenolanbatman,[],15
2020-01-09 03:53:02,b'@flyspicejet quick note. I got stopped during security check in for the boarding pass printed from your web interface. Apparently a new one ?. @BLRAirport is fabulous airport which is why they deployed a runner to get me a new one. Wld HVe been a nuisance anywhere else. Do chk. https://t.co/Cbmp04nisk',renukakkar,[],233
2020-01-09 03:50:12,"b""@BLRAirport Hello, I won Fossil but i didn't got any message or call from you @BLRAirport""",saicrazy4024,[],8
2020-01-09 03:43:39,b'@BeautifulBluru @BLRAirport Are those stacks of glasses REUSABLE Plastic?',AvSaaph,[],57
2020-01-09 03:00:37,"b'#Bengaluru If all goes as planned, passengers at  @BLRAirport will be greeted by a mammoth statue of Nadaprabhu Kempegowda; theme park to come up soon. @santwana99 @NewIndianXpress @drashwathcn https://t.co/4zeh3afCq9'",XpressBengaluru,['Bengaluru'],3363
2020-01-08 21:56:01,b'@Vinamralongani @BLRAviation @sandeeprrao1991 @BangaloreFlyer @lufthansa @Airport_FRA @DelhiAirport @BLRAirport First class on today\xe2\x80\x99s LH755 BLR-FRA is full 8/8 pax.',AayushMax123,[],70
2020-01-08 21:20:39,"b'@BLRAirport screens showing destination Stockholm, Sweden - flight ZZ5201. Any idea about it? @Vinamralongani @BLRAviation #AvGeek #InternationalTravel https://t.co/G8fZtP5VNd'",AayushMax123,"['AvGeek', 'InternationalTravel']",70
2020-01-08 21:10:25,"b""@BLRAirport I had spin but didn't get any call or msg...nd my spin had stopped at fossil.. https://t.co/VyWeIDmryo""",SauravS61756219,[],45
2020-01-08 19:25:27,b'@BLRAirport I got a 200\xe2\x82\xb9 voucher. Ordered a coffee mug from Amazon. Thankyou \xf0\x9f\xa4\x97',M1n1M0n1,[],32
2020-01-08 19:22:33,"b'@BLRAirport Dear Bangalore airport, Why are you not in Bangalore.                      Regards,                      A bangalorean \xf0\x9f\x98\x81\xf0\x9f\x98\x81'",IndianUnderDog,[],571
2020-01-08 19:15:13,b'@BLRAirport Thanks received a call from you. Spoke to 080-22001514 security team. They confirmed that my minor son will be allowed inside the airport without ID proof if he is accompanied by me and my wife having our valid ID proofs.',KartikS95544022,[],0
2020-01-08 18:18:07,b'@BLRAirport Sent my contact details through a DM to you. Thanks for your immediate revertal.',KartikS95544022,[],0
2020-01-08 18:16:39,b'@CISFHQrs @BLRAirport My date of travel is 14th Jan 2020 via Go Air flight number G8-120.',KartikS95544022,[],0
2020-01-08 18:09:51,"b""@CISFHQrs @BLRAirport I forgot to carry original ID proof for my wife and son. Will you allow the issued documents PAN, Driving license in my wife's digilocker account as a valid ID proof for entering Bangalore airport. My 9 yr  son can enter without Id proof. Kindly confirm.""",KartikS95544022,[],0
2020-01-08 17:32:36,b'@DinooMarino @British_Airways @BLRAirport @HeathrowAirport Cannot find the flight. Please share the link.',BLRAviation,[],8997
2020-01-08 17:23:44,"b""We're so glad to see #zerowastewater available at @BLRAirport lounge, not just 200ml water bottles.  Conscious travellers can now make #SustainableChoices and #ReduceWaste  Keep it up, BIAL. Let's see more such measures to reduce the huge waste you are forced to handle each day. https://t.co/Bha6SoYjNz""",BeautifulBluru,"['zerowastewater', 'SustainableChoices', 'ReduceWaste']",814
2020-01-08 17:09:40,b'#SeasonsOfSmiles spin and try your luck.  @BLRAirport see you soon https://t.co/tYL7StWl8W',Avinash_D_it,['SeasonsOfSmiles'],106
2020-01-08 15:05:23,b'\xf0\x9f\x98\x82 \xf0\x9f\x98\x82 \xf0\x9f\x98\x82 Is it true @BLRAirport? https://t.co/gmTZUrx8EA',Manan_13,[],1055
2020-01-08 15:01:17,"b'@BLRAirport Hey @BLRAirport , 8/10 mistakes, is huge and manning every bin is resource consuming. We at quaadbotics have a unique solution to waste management, let us worry about the segregation of the waste generated at the #KempeGowdaInternationalAirport.'",JCG_JNV,['KempeGowdaInternationalAirport'],256
2020-01-08 14:00:17,"b'@BLRAirport We can ensure that some process relating to passengers can be handled in this training so that no need to repeat the process during the travel. For example, emergency exit process, anti terrorism counter protection etc. Passenger=&gt;Airport=&gt;Airline should work together always!'",Dev0211UN,[],62
2020-01-08 13:57:32,"b'@BLRAirport Suggestion - All the airports together can come out with a certification for all passengers on best practices pre-travel, onboarding-during travel etc. We can localize @GlobalGoalsUN &amp; align airports, aircrafts towards UN SDG.'",Dev0211UN,[],62
2020-01-08 13:47:19,"b'@BLRAirport We need to bring people to get the real feel of aircraft and all kinds of pleasant journey &amp; issues, challenges as part of artificial simulation. This will be a excellent tourist attraction for many people and additional revenue can be generated. Thoughts to be explored!'",Dev0211UN,[],62
2020-01-08 13:45:41,"b'@BLRAirport Suggestion - Can we create a simulation aircraft wherein it can be used for all school students as their excursion and we can allow tourist to visit the place. With the help of technology, artificial intelligence, we can create a real time experience to attract everyone!'",Dev0211UN,[],62
2020-01-08 11:46:48,"b""@BLRAirport This doesn't spin""",neena_sen,[],88
2020-01-08 10:47:25,"b""@HariMarar @BLRAirport  Massive Airport, Grand show pieces(Elephants, X MasTrees), plethora of Food &amp; Beverage places, Hospital, Ent Centres, Concert Arena(Terrible idea though),but we can't plan to separate luggage cart entry &amp; passengers exiting.This is Pathetic. https://t.co/renu5CwxeX""",iamrsmanian,[],3
2020-01-08 10:42:53,b'@BLRAirport Got error message. https://t.co/lkj6bKfuSX',itzabhionly,[],59
2020-01-08 09:21:31,b'@govindethiraj @British_Airways @BLRAirport @HeathrowAirport Not to much. I estimate another 30-60 minutes over a 10 hour flight.',BLRAviation,[],8997
2020-01-08 08:40:36,b'@goairlinesindia @BLRAirport @AAI_Official @MoCA_GoI Please look into this matter.',BloggerAnshul,[],98
2020-01-08 08:31:44,"b""@goairlinesindia One of my sister's baggage has been stuck at the Bengaluru Airport @BLRAirport. She traveled with @goairlinesindia and no one is responding when I am calling on these numbers.  080 4740 6091 080 4740 6092  Help !""",BloggerAnshul,[],98
2020-01-08 08:06:37,b'@BLRAirport Thanks for taking steps for resolving it.',snobfielder,[],128
2020-01-08 07:29:21,b'@BLRAirport I got brics nd piquadre https://t.co/Gidzd75lrU',Babupradeep3,[],66
2020-01-08 07:24:16,"b'@BLRAviation @British_Airways @BLRAirport @HeathrowAirport Check DL25 on flight radar 24, they went north over Afghanistan and on to Kazakhstan.... before the iran tension they went over europe and across the Atlantic to nyc'",DinooMarino,[],187
2020-01-08 07:17:56,b'@BLRAviation @British_Airways @BLRAirport @HeathrowAirport How much if any difference in time taken ?',govindethiraj,[],20007
2020-01-08 07:02:54,b'@BLRAviation @British_Airways @BLRAirport @HeathrowAirport Will try getting a confirmation soon.',karthikkakoor,[],523
2020-01-08 07:02:46,b'@BLRAviation @British_Airways @BLRAirport @HeathrowAirport Heard the aircraft had turned back somewhere over Kuwait. Wonder if they rerouted all the way.',karthikkakoor,[],523
2020-01-08 07:01:17,"b'Having flown \xe2\x81\xa6@British_Airways\xe2\x81\xa9 #BA118 from @BLRAirport to \xe2\x81\xa6@HeathrowAirport\xe2\x81\xa9 many many many times, this is an unusual routing to say the least. Previously it was over Iran. Then escalating tensions shifted it over Iraq. Now Saudi Arabia. https://t.co/0HyHylGVLc'",BLRAviation,['BA118'],8997
2020-01-08 05:26:37,b'@BLRAirport @HariMarar Plz keep the airport stray free.',snobfielder,[],128
2020-01-08 05:00:40,b'Advertising extraordinaire! #Netflix #BangaloreAirport https://t.co/7r2EFb6wJe',DeepakKrish87,"['Netflix', 'BangaloreAirport']",32
2020-01-08 04:18:49,b'A6-EIR @EtihadAirways @Airbus A320-232 at @BLRAirport  #flickr https://t.co/C1BN9gpDNL @AvPhotoIn #etihad #planespotting #aviation #photography #bengaluru #airport #BLR #BLRairport',Sri_AT72,"['flickr', 'etihad', 'planespotting', 'aviation', 'photography', 'bengaluru', 'airport', 'BLR', 'BLRairport']",2122
2020-01-08 02:09:34,b'@JohriSheel @BLRAirport Do you want planes circling over you while you sleep? Check it out \xe2\x80\x94 most airports in world are safe distance from city.',sdas000,[],8
2020-01-08 02:05:55,b'Jet Airways B737-800 VT-JGU rotating at #Bangalore https://t.co/9xAquN00nn @jetairways @BLRAirport @AvPhotoIn',Nitin_TriStar,['Bangalore'],158
2020-01-08 01:54:00,b'@BLRAirport My favorite airport.. awesome personals kudos \xf0\x9f\x99\x8f see diff when you come from delhi Mumbai or anywhere else in india .... #Home Feeling',sdas000,['Home'],8
2020-01-08 01:41:29,"b""@BLRAirport Hi Team,  Participated in spin the wheel.  Selected for lucky draw to win 'Brics and piquadro'   City: Bangaluru #Bangalore  #BLRairport #SeasonOfSmiles #Contest #India #IndianContest #ChristmasGiveaway  Join @SirajMuhammadai  @Mohamme64301216  @PrashanthRNata1  @KiranTejasai https://t.co/bsRYs4yuDT""",GowdaPuneet,"['Bangalore', 'BLRairport', 'SeasonOfSmiles', 'Contest', 'India', 'IndianContest', 'ChristmasGiveaway']",19
2020-01-08 01:38:43,b'@anuraag_saxena @narendramodi @TVMohandasPai @MakrandParanspe @MinhazMerchant @nsitharaman @PrasenjitKBasu A big hoarding of this is needed at all airport arrival. @CSMIA_Official @DelhiAirport @BLRAirport',hari9w,[],54
2020-01-07 19:44:37,b'@BLRAirport Cleanest airport of India.',India2020i,[],243
2020-01-07 19:22:39,"b'@BLRAirport I was worked in blr lounge as a receptionist, today  i visited the lounge. Am really thankful to all of them who treats me and mom very gracefully. Especially to #shamanth , #veer, #Deepti , #ramesh #Sherwin #athira #nima #salman #udith #nusrath Thanks to blr lounge.'",BMalukrishna,"['shamanth', 'veer', 'Deepti', 'ramesh', 'Sherwin', 'athira', 'nima', 'salman', 'udith', 'nusrath']",2
2020-01-07 16:49:42,b'@BLRAirport @HariMarar  Strays have arrived on time. \xf0\x9f\x91\x8d\xf0\x9f\x91\x8d https://t.co/uLlgDhupTd',snobfielder,[],128
2020-01-07 16:35:49,b'Partcipated in spin challenge @BLRAirport #SeasonOfSmiles',mbanaushad,['SeasonOfSmiles'],125
2020-01-07 15:28:30,b'At the time of boarding also.. I enquired about my bag and they said it was tagged and loaded.Staffs of your department manipulate the customer. And you said bag would be delivered to my address and now they are Even stop responding to my calls. @goairlinesindia @BLRAirport',kavyapreety,[],5
2020-01-07 15:26:48,"b""@goairlinesindia fooled me at that time that my bag gonna be tagged and loaded,because they moved the belt without putting the tag.But it wasn't look now i'm facing this much problems.All your department is not responding to my calls or mails @AAI_Official @BLRAirport""",kavyapreety,[],5
2020-01-07 15:10:54,"b""@BLRAirport They keep asking tip as well. I can sense fake smiles, unnecessary good morning's.  Please raise their salaries and ask them not to behave in a way to ask tips.""",gowtham2u2,[],43
